outlet,date,headline,url,
OpIndia,23/07/25,"Around 51 lakh voters to be removed from Bihar voter list as ECI finds major discrepancies in SIR exercise due to duplicate entries, death...",https://www.opindia.com/2025/07/around-51-lakh-voters-to-be-removed-from-bihar-voter-list-as-eci-finds-major-discrepancies/,
OpIndia,23/07/25,"1.29 lakh bigha land occupied by Bangladeshi infiltrators and doubtful citizens freed in 4 years, informs Assam CM Himanta Biswa Sarma",https://www.opindia.com/2025/07/1-29-lakh-bigha-land-occupied-by-bangladeshi-infiltrators-and-doubtful-citizens-freed-in-4-years-informs-assam-cm-himanta-biswa-sarma/,
OpIndia,23/07/25,"VP Jagdeep Dhankhar calls it quits: Read how he kept questioning the judiciary, seeking accountability and objecting to their overreach",https://www.opindia.com/2025/07/vp-jagdeep-dhankhar-calls-it-quits-read-how-he-kept-questioning-the-judiciary-seeking-accountability-and-objecting-to-their-overreach/,
OpIndia,23/07/25,"VP Jagdeep Dhankhar calls it quits: Read how he kept questioning the judiciary, seeking accountability and objecting to their overreach",https://www.opindia.com/2025/07/vp-jagdeep-dhankhar-calls-it-quits-read-how-he-kept-questioning-the-judiciary-seeking-accountability-and-objecting-to-their-overreach/,
OpIndia,23/07/25,"First Balasore self-immolation, now Greater Noida suicide: Why do we need such tragedies to wake us up to the problem of harassment of students",https://www.opindia.com/2025/07/first-balasore-self-immolation-now-greater-noida-suicide-the-problem-of-harassment-of-students/,
OpIndia,23/07/25,"Truck still stuck on collapsed Gambhira bridge in Gujarat: As media blames officials, Anand district collector shares the real reason with OpIndia",https://www.opindia.com/2025/07/truck-still-stuck-collapsed-gambhira-bridge-gujarat-as-media-blames-officials-know-what-happened/,
OpIndia,23/07/25,Fake claim: PIB calls out false media reports that union health ministry is set to issue health warning for samosa and jalebi like they...,https://www.opindia.com/2025/07/pib-fake-news-samosa-jalebi-health-warning-cigarettes-media-news/,
OpIndia,23/07/25,"The Print spreads fake news claiming Centre is conducting study to assess sudden deaths of young Indians after COVID-19, gets fact-checked by PIB",https://www.opindia.com/2025/07/the-print-spreads-fake-news-claiming-centre-is-conducting-study-to-assess-sudden-deaths-after-covid-19/,
OpIndia,23/07/25,"While left liberals have a problem with Akbar being called a brutal conqueror in NCERT books, read how the Mughal King massacred 30000 Hindus...",https://www.opindia.com/2025/07/left-liberals-have-a-problem-with-mughal-king-akbar-being-called-a-brutal-conqueror-who-massacred-30000-hindus/,
OpIndia,23/07/25,"Karnataka: Researchers find evidence of a 4,000-year-old human settlement in Maski, 110 years after Ashoka inscription was discovered at the site",https://www.opindia.com/2025/07/karnataka-4000-year-old-human-settlement-discovered-in-maski-site-of-ashoka-inscription/,
OpIndia,23/07/25,"Indian Ambassador to Ireland slams biased media coverage after an Indian man faces a racist attack: How online hate fuels racism against Indians, especially...",https://www.opindia.com/2025/07/indian-ambassador-to-ireland-slams-biased-media-coverage-indian-man-assaulted-online-hate-fuels-racism-against-hindus/,
OpIndia,23/07/25,Syrian govt led by former ISIS terrorist Ahmed al-Sharaa unleashes brutal crackdown on Druze community: All you need to know about the Sweida violence,https://www.opindia.com/2025/07/syrian-govt-led-by-former-isis-terrorist-ahmed-al-sharaa-unleashes-brutal-crackdown-on-druze-community-all-you-need-to-know-about-the-sweida-violence/,
OpIndia,23/07/25,Keeladi excavation and controversy over the ASI report by Amarnath Ramakrishna: Why is the TN govt at loggerheads with ASI and Centre over it,https://www.opindia.com/2025/07/keeladi-excavation-controversy-over-the-asi-report-by-amarnath-ramakrishna-why-is-the-tn-govt-at-loggerheads-with-asi-and-centre-over-it/,
OpIndia,23/07/25,"Around 51 lakh voters to be removed from Bihar voter list as ECI finds major discrepancies in SIR exercise due to duplicate entries, death...",https://www.opindia.com/2025/07/around-51-lakh-voters-to-be-removed-from-bihar-voter-list-as-eci-finds-major-discrepancies/,
OpIndia,23/07/25,"1.29 lakh bigha land occupied by Bangladeshi infiltrators and doubtful citizens freed in 4 years, informs Assam CM Himanta Biswa Sarma",https://www.opindia.com/2025/07/1-29-lakh-bigha-land-occupied-by-bangladeshi-infiltrators-and-doubtful-citizens-freed-in-4-years-informs-assam-cm-himanta-biswa-sarma/,
OpIndia,23/07/25,"VP Jagdeep Dhankhar calls it quits: Read how he kept questioning the judiciary, seeking accountability and objecting to their overreach",https://www.opindia.com/2025/07/vp-jagdeep-dhankhar-calls-it-quits-read-how-he-kept-questioning-the-judiciary-seeking-accountability-and-objecting-to-their-overreach/,
OpIndia,23/07/25,"VP Jagdeep Dhankhar calls it quits: Read how he kept questioning the judiciary, seeking accountability and objecting to their overreach",https://www.opindia.com/2025/07/vp-jagdeep-dhankhar-calls-it-quits-read-how-he-kept-questioning-the-judiciary-seeking-accountability-and-objecting-to-their-overreach/,
OpIndia,23/07/25,"First Balasore self-immolation, now Greater Noida suicide: Why do we need such tragedies to wake us up to the problem of harassment of students",https://www.opindia.com/2025/07/first-balasore-self-immolation-now-greater-noida-suicide-the-problem-of-harassment-of-students/,
OpIndia,23/07/25,"Truck still stuck on collapsed Gambhira bridge in Gujarat: As media blames officials, Anand district collector shares the real reason with OpIndia",https://www.opindia.com/2025/07/truck-still-stuck-collapsed-gambhira-bridge-gujarat-as-media-blames-officials-know-what-happened/,
OpIndia,23/07/25,Fake claim: PIB calls out false media reports that union health ministry is set to issue health warning for samosa and jalebi like they...,https://www.opindia.com/2025/07/pib-fake-news-samosa-jalebi-health-warning-cigarettes-media-news/,
OpIndia,23/07/25,"The Print spreads fake news claiming Centre is conducting study to assess sudden deaths of young Indians after COVID-19, gets fact-checked by PIB",https://www.opindia.com/2025/07/the-print-spreads-fake-news-claiming-centre-is-conducting-study-to-assess-sudden-deaths-after-covid-19/,
OpIndia,23/07/25,"While left liberals have a problem with Akbar being called a brutal conqueror in NCERT books, read how the Mughal King massacred 30000 Hindus...",https://www.opindia.com/2025/07/left-liberals-have-a-problem-with-mughal-king-akbar-being-called-a-brutal-conqueror-who-massacred-30000-hindus/,
OpIndia,23/07/25,"Karnataka: Researchers find evidence of a 4,000-year-old human settlement in Maski, 110 years after Ashoka inscription was discovered at the site",https://www.opindia.com/2025/07/karnataka-4000-year-old-human-settlement-discovered-in-maski-site-of-ashoka-inscription/,
OpIndia,23/07/25,"Indian Ambassador to Ireland slams biased media coverage after an Indian man faces a racist attack: How online hate fuels racism against Indians, especially...",https://www.opindia.com/2025/07/indian-ambassador-to-ireland-slams-biased-media-coverage-indian-man-assaulted-online-hate-fuels-racism-against-hindus/,
OpIndia,23/07/25,Syrian govt led by former ISIS terrorist Ahmed al-Sharaa unleashes brutal crackdown on Druze community: All you need to know about the Sweida violence,https://www.opindia.com/2025/07/syrian-govt-led-by-former-isis-terrorist-ahmed-al-sharaa-unleashes-brutal-crackdown-on-druze-community-all-you-need-to-know-about-the-sweida-violence/,
OpIndia,23/07/25,Keeladi excavation and controversy over the ASI report by Amarnath Ramakrishna: Why is the TN govt at loggerheads with ASI and Centre over it,https://www.opindia.com/2025/07/keeladi-excavation-controversy-over-the-asi-report-by-amarnath-ramakrishna-why-is-the-tn-govt-at-loggerheads-with-asi-and-centre-over-it/,
OpIndia,23/07/25,"Naga organisations in Manipur object to India-Myanmar border fencing, demand restoration of FMR: Read how this open border has been fuelling violence and narcotics...",https://www.opindia.com/2025/07/naga-organisations-in-manipur-object-to-india-myanmar-border-fencing-demand-restoration-of-fmr/,"For the effective management of the India-Myanmar border, as well as ensuring the fencing in the north-east region, over 1,500 km of fencing, which includes 300 km of electric fencing, will be deployed"
OpIndia,23/07/25,"Agra conversion racket: Goa girl SB Krishna brainwashed by Kashmiri students at Panjab University to become Muslim, she then joined the gang and collected...",https://www.opindia.com/2025/07/agra-conversion-racket-how-kashmiri-students-indoctrinated-hindu-girl-from-goa/,Kaleem Siddiqui who is already behind bars in another case has been discovered to be the mastermind of the conversion gang.
OpIndia,23/07/25,"Around 51 lakh voters to be removed from Bihar voter list as ECI finds major discrepancies in SIR exercise due to duplicate entries, death...",https://www.opindia.com/2025/07/around-51-lakh-voters-to-be-removed-from-bihar-voter-list-as-eci-finds-major-discrepancies/,"The Election Commission has flagged major issues in Bihar's voter list, identifying 18 lakh deceased voters, 26 lakh who have shifted, and 7 lakh duplicates. The move has triggered political backlash, with the Opposition calling it an attempt to remove genuine voters."
OpIndia,23/07/25,Agra Islamic conversion racket: Rescued Hindu victim tells police how Muslim girls brainwashed her and only those girls who refused to become Muslim were...,https://www.opindia.com/2025/07/agra-conversion-racket-rescued-hindu-victim-tells-only-those-girls-who-refused-to-become-muslim-were-sexually-abused/,"She added that in November 2024, he marriage was fixed and when she informed Junaid about this, the accused allegedly began pressuring her to leave everything for the sake of Allah and come to him."
OpIndia,23/07/25,"Indian Ambassador to Ireland slams biased media coverage after an Indian man faces a racist attack: How online hate fuels racism against Indians, especially...",https://www.opindia.com/2025/07/indian-ambassador-to-ireland-slams-biased-media-coverage-indian-man-assaulted-online-hate-fuels-racism-against-hindus/,"A brutal assault on an Indian man in Dublin and its whitewashing by Irish media exposes a deeper, global pattern of rising Hinduphobia and anti-Indian racism in the West."
OpIndia,23/07/25,Union Cabinet approves India-UK FTA to be signed by PM Modi in London: Read how the landmark deal will benefit India,https://www.opindia.com/2025/07/cabinet-approves-india-uk-fta-pm-modi-to-sign-landmark-deal-during-his-visit-to-uk/,Union cabinet approved the India-UK free trade agreement. It was set to sign on 24th July during PM Modi’s visit to London. The deal aims to double trade to $120 billion by 2030.
OpIndia,23/07/25,"Truck still stuck on collapsed Gambhira bridge in Gujarat: As media blames officials, Anand district collector shares the real reason with OpIndia",https://www.opindia.com/2025/07/truck-still-stuck-collapsed-gambhira-bridge-gujarat-as-media-blames-officials-know-what-happened/,The Anand District Collector said that the administration was carrying out a rescue operation on priority after the bridge accident.
OpIndia,23/07/25,Karnataka: Rs 30 pav bhaji payment helps police to solve 2 crore gold heist case from jewellery shop in Kalaburgi,https://www.opindia.com/2025/07/karnataka-rs-30-pav-bhaji-help-police-to-solve-3-crore-robbery-jewellery-shop/,"Mastermind Farooq Ahmad Malik, Sohail Shaikh alias Badshah and Ayodhya Prasad Chouhan have been arrested."
OpIndia,22/07/25,"Goa CM Pramod Sawant proposes anti-conversion law in the state, multiple states have introduced the legislation till now to tackle the problem of forced...",https://www.opindia.com/2025/07/goa-cm-pramod-sawant-proposes-anti-conversion-law-in-the-state/,The matter was raised in Goa after SB Krishna alias Ayesha was arrested by Uttar Pradesh police in illegal conversion racket
OpIndia,22/07/25,"1.29 lakh bigha land occupied by Bangladeshi infiltrators and doubtful citizens freed in 4 years, informs Assam CM Himanta Biswa Sarma",https://www.opindia.com/2025/07/1-29-lakh-bigha-land-occupied-by-bangladeshi-infiltrators-and-doubtful-citizens-freed-in-4-years-informs-assam-cm-himanta-biswa-sarma/,Sarma pointed out that his government had come under significant international pressure but refused to suspend the action.
OpIndia,22/07/25,"VP Jagdeep Dhankhar calls it quits: Read how he kept questioning the judiciary, seeking accountability and objecting to their overreach",https://www.opindia.com/2025/07/vp-jagdeep-dhankhar-calls-it-quits-read-how-he-kept-questioning-the-judiciary-seeking-accountability-and-objecting-to-their-overreach/,"In his letter to President Droupadi Murmu, Jagdeep Dhankhar invoked Article 67(a) of the Constitution to make his resignation effective immediately. Citing ongoing health challenges, he stated his intention to “prioritise health care and abide by medical advice.”"
OpIndia,21/07/25,"Ex-Kerala Chief Minister VS Achuthanandan, who had flagged danger of Love Jihad as early as 2010, dies aged 101",https://www.opindia.com/2025/07/veteran-communist-leader-achuthanandan-love-jihad-dead-at-101-in-kerala/,"Achuthanandan was famous for taking bold positions on matters that others, even in his leftist fold, didn't dare to approach. One of these was in 2010, when he created political controversy by warning against an organised campaign to Islamise Kerala in what he called ""Love Jihad."""
OpIndia,21/07/25,21st July 1993: How Mamata Banerjee used election conspiracy theory and an ill-managed protest march against CPIM to gain power in West Bengal,https://www.opindia.com/2025/07/mamata-banerjee-21st-july-1993-martyrs-day-cpim-governemnt-political-significance-explained/,The experience of 21st July 1993 came in handy to Mamata Banerjee during the years 2005-2007 when she led mass protests against the CPIM government in Singur and Nandigram.
OpIndia,21/07/25,"Agra conversion racket: Mastermind Abdul Rehman arrested from Delhi, missing Haryana girl rescued from his home",https://www.opindia.com/2025/07/agra-conversion-racket-mastermind-abdul-rehman-arrested-from-delhi-missing-haryana-girl-rescued-from-his-home/,"Abdul Rehman, suspected mastermind behind Agra religious conversion racket, has been arrested by ATS and IB from Delhi."
OpIndia,21/07/25,"Agra conversion racket: Piyush Panwar became Mohammad Ali for a girl, she rejected him after converting him, he then joined the conversion mafia to...",https://www.opindia.com/2025/07/agra-conversion-case-piyush-panwar-mohammad-ali-mafia/,"Mohammad Ali, earlier known as Piyush Panwar, now arrested in Agra conversion case, came in contact with a PFI member Mohammad Gaus during his conversion to Islam."
OpIndia,21/07/25,"Drone swarming, smart war rooms, real-time monitoring of battle: How the Indian Army plans to integrate AI, Machine Learning and Big Data into its...",https://www.opindia.com/2025/07/drone-swarming-smart-war-rooms-real-time-monitoring-of-battle-how-the-indian-army-plans-to-integrate-ai-machine-learning-and-big-data-into-its-operations/,"The Indian Army has drawn up a detailed plan to adopt AI, machine learning, and big data analytics by 2026–27. The goal is to boost battlefield awareness, surveillance, and combat readiness, with a new task force guiding the tech transformation."
OpIndia,21/07/25,"Language no bar, build in Andhra: Minister Nara Lokesh rejects language politics, invites Mahindra group and other manufacturing giants to open plants in state",https://www.opindia.com/2025/07/andhra-pradesh-nara-lokesh-minister-anand-mahindra-manufacturing-language/,Nara Lokesh has been promoting Andhra Pradesh as a prime location for manufacturing and industries to boost the state's economy.
OpIndia,21/07/25,"Uttar Pradesh: After Balrampur and Agra, now illegal conversions in Aligarh, 97 missing women suspected to have become victims of this racket",https://www.opindia.com/2025/07/after-balrampur-and-agra-now-illegal-conversions-in-aligarh-97-women-reported-missing/,"A major illegal religious conversion racket has been busted in Aligarh, Uttar Pradesh, where 97 women are reportedly missing. Police is trying to ascertain if they fell victim to this illegal conversion network"
OpIndia,20/07/25,Delhi Police arrests seven members of cheating syndicate including two Nigerians for operating nationwide fake lottery scam,https://www.opindia.com/2025/07/delhi-police-arrests-seven-members-of-cheating-syndicate-for-operating-nationwide-fake-lottery-scam/,"The Delhi Police Crime Branch arrested seven members of a cheating syndicate, including five Indians and two Nigerian nationals, who had been operating a nationwide scam using fake lottery and gift schemes."
OpIndia,20/07/25,"Karnataka government forms SIT to probe allegations on Dharmasthala mass burials, mother of missing girl lodges complaint after former sanitation worker made shocking claims",https://www.opindia.com/2025/07/karnataka-government-forms-sit-to-probe-allegations-on-dharmasthala-mass-burials/,"The former sanitation worker claimed that he was forced to bury hundreds of bodies of murder victims, including women and young girls, many of whom were sexually assaulted."
OpIndia,20/07/25,"Children, disabled and the elderly: The most vulnerable victims of stray dog attacks",https://www.opindia.com/2025/07/children-disabled-elderly-most-vulnerable-victims-stray-dog-attacks/,"Children are being mauled, disabled persons attacked, and the elderly killed while dog feeders and activists block urgent reforms. ABC Rules prioritise stray dogs over public safety, creating a growing nationwide health and legal crisis."
OpIndia,20/07/25,"Around 51 lakh voters to be removed from Bihar voter list as ECI finds major discrepancies in SIR exercise due to duplicate entries, death...",https://www.opindia.com/2025/07/around-51-lakh-voters-to-be-removed-from-bihar-voter-list-as-eci-finds-major-discrepancies/,
OpIndia,20/07/25,"1.29 lakh bigha land occupied by Bangladeshi infiltrators and doubtful citizens freed in 4 years, informs Assam CM Himanta Biswa Sarma",https://www.opindia.com/2025/07/1-29-lakh-bigha-land-occupied-by-bangladeshi-infiltrators-and-doubtful-citizens-freed-in-4-years-informs-assam-cm-himanta-biswa-sarma/,
OpIndia,20/07/25,"VP Jagdeep Dhankhar calls it quits: Read how he kept questioning the judiciary, seeking accountability and objecting to their overreach",https://www.opindia.com/2025/07/vp-jagdeep-dhankhar-calls-it-quits-read-how-he-kept-questioning-the-judiciary-seeking-accountability-and-objecting-to-their-overreach/,
OpIndia,20/07/25,"VP Jagdeep Dhankhar calls it quits: Read how he kept questioning the judiciary, seeking accountability and objecting to their overreach",https://www.opindia.com/2025/07/vp-jagdeep-dhankhar-calls-it-quits-read-how-he-kept-questioning-the-judiciary-seeking-accountability-and-objecting-to-their-overreach/,
OpIndia,20/07/25,"First Balasore self-immolation, now Greater Noida suicide: Why do we need such tragedies to wake us up to the problem of harassment of students",https://www.opindia.com/2025/07/first-balasore-self-immolation-now-greater-noida-suicide-the-problem-of-harassment-of-students/,
OpIndia,20/07/25,"Truck still stuck on collapsed Gambhira bridge in Gujarat: As media blames officials, Anand district collector shares the real reason with OpIndia",https://www.opindia.com/2025/07/truck-still-stuck-collapsed-gambhira-bridge-gujarat-as-media-blames-officials-know-what-happened/,
OpIndia,20/07/25,Fake claim: PIB calls out false media reports that union health ministry is set to issue health warning for samosa and jalebi like they...,https://www.opindia.com/2025/07/pib-fake-news-samosa-jalebi-health-warning-cigarettes-media-news/,
OpIndia,20/07/25,"The Print spreads fake news claiming Centre is conducting study to assess sudden deaths of young Indians after COVID-19, gets fact-checked by PIB",https://www.opindia.com/2025/07/the-print-spreads-fake-news-claiming-centre-is-conducting-study-to-assess-sudden-deaths-after-covid-19/,
OpIndia,20/07/25,"While left liberals have a problem with Akbar being called a brutal conqueror in NCERT books, read how the Mughal King massacred 30000 Hindus...",https://www.opindia.com/2025/07/left-liberals-have-a-problem-with-mughal-king-akbar-being-called-a-brutal-conqueror-who-massacred-30000-hindus/,
OpIndia,20/07/25,"Karnataka: Researchers find evidence of a 4,000-year-old human settlement in Maski, 110 years after Ashoka inscription was discovered at the site",https://www.opindia.com/2025/07/karnataka-4000-year-old-human-settlement-discovered-in-maski-site-of-ashoka-inscription/,
OpIndia,20/07/25,"Indian Ambassador to Ireland slams biased media coverage after an Indian man faces a racist attack: How online hate fuels racism against Indians, especially...",https://www.opindia.com/2025/07/indian-ambassador-to-ireland-slams-biased-media-coverage-indian-man-assaulted-online-hate-fuels-racism-against-hindus/,
OpIndia,20/07/25,Syrian govt led by former ISIS terrorist Ahmed al-Sharaa unleashes brutal crackdown on Druze community: All you need to know about the Sweida violence,https://www.opindia.com/2025/07/syrian-govt-led-by-former-isis-terrorist-ahmed-al-sharaa-unleashes-brutal-crackdown-on-druze-community-all-you-need-to-know-about-the-sweida-violence/,
OpIndia,20/07/25,Keeladi excavation and controversy over the ASI report by Amarnath Ramakrishna: Why is the TN govt at loggerheads with ASI and Centre over it,https://www.opindia.com/2025/07/keeladi-excavation-controversy-over-the-asi-report-by-amarnath-ramakrishna-why-is-the-tn-govt-at-loggerheads-with-asi-and-centre-over-it/,
OpIndia,20/07/25,"Around 51 lakh voters to be removed from Bihar voter list as ECI finds major discrepancies in SIR exercise due to duplicate entries, death...",https://www.opindia.com/2025/07/around-51-lakh-voters-to-be-removed-from-bihar-voter-list-as-eci-finds-major-discrepancies/,
OpIndia,20/07/25,"1.29 lakh bigha land occupied by Bangladeshi infiltrators and doubtful citizens freed in 4 years, informs Assam CM Himanta Biswa Sarma",https://www.opindia.com/2025/07/1-29-lakh-bigha-land-occupied-by-bangladeshi-infiltrators-and-doubtful-citizens-freed-in-4-years-informs-assam-cm-himanta-biswa-sarma/,
OpIndia,20/07/25,"VP Jagdeep Dhankhar calls it quits: Read how he kept questioning the judiciary, seeking accountability and objecting to their overreach",https://www.opindia.com/2025/07/vp-jagdeep-dhankhar-calls-it-quits-read-how-he-kept-questioning-the-judiciary-seeking-accountability-and-objecting-to-their-overreach/,
OpIndia,20/07/25,"VP Jagdeep Dhankhar calls it quits: Read how he kept questioning the judiciary, seeking accountability and objecting to their overreach",https://www.opindia.com/2025/07/vp-jagdeep-dhankhar-calls-it-quits-read-how-he-kept-questioning-the-judiciary-seeking-accountability-and-objecting-to-their-overreach/,
OpIndia,20/07/25,"First Balasore self-immolation, now Greater Noida suicide: Why do we need such tragedies to wake us up to the problem of harassment of students",https://www.opindia.com/2025/07/first-balasore-self-immolation-now-greater-noida-suicide-the-problem-of-harassment-of-students/,
OpIndia,20/07/25,"Truck still stuck on collapsed Gambhira bridge in Gujarat: As media blames officials, Anand district collector shares the real reason with OpIndia",https://www.opindia.com/2025/07/truck-still-stuck-collapsed-gambhira-bridge-gujarat-as-media-blames-officials-know-what-happened/,
OpIndia,20/07/25,Fake claim: PIB calls out false media reports that union health ministry is set to issue health warning for samosa and jalebi like they...,https://www.opindia.com/2025/07/pib-fake-news-samosa-jalebi-health-warning-cigarettes-media-news/,
OpIndia,20/07/25,"The Print spreads fake news claiming Centre is conducting study to assess sudden deaths of young Indians after COVID-19, gets fact-checked by PIB",https://www.opindia.com/2025/07/the-print-spreads-fake-news-claiming-centre-is-conducting-study-to-assess-sudden-deaths-after-covid-19/,
OpIndia,20/07/25,"While left liberals have a problem with Akbar being called a brutal conqueror in NCERT books, read how the Mughal King massacred 30000 Hindus...",https://www.opindia.com/2025/07/left-liberals-have-a-problem-with-mughal-king-akbar-being-called-a-brutal-conqueror-who-massacred-30000-hindus/,
OpIndia,20/07/25,"Karnataka: Researchers find evidence of a 4,000-year-old human settlement in Maski, 110 years after Ashoka inscription was discovered at the site",https://www.opindia.com/2025/07/karnataka-4000-year-old-human-settlement-discovered-in-maski-site-of-ashoka-inscription/,
OpIndia,20/07/25,"Indian Ambassador to Ireland slams biased media coverage after an Indian man faces a racist attack: How online hate fuels racism against Indians, especially...",https://www.opindia.com/2025/07/indian-ambassador-to-ireland-slams-biased-media-coverage-indian-man-assaulted-online-hate-fuels-racism-against-hindus/,
OpIndia,20/07/25,Syrian govt led by former ISIS terrorist Ahmed al-Sharaa unleashes brutal crackdown on Druze community: All you need to know about the Sweida violence,https://www.opindia.com/2025/07/syrian-govt-led-by-former-isis-terrorist-ahmed-al-sharaa-unleashes-brutal-crackdown-on-druze-community-all-you-need-to-know-about-the-sweida-violence/,
OpIndia,20/07/25,Keeladi excavation and controversy over the ASI report by Amarnath Ramakrishna: Why is the TN govt at loggerheads with ASI and Centre over it,https://www.opindia.com/2025/07/keeladi-excavation-controversy-over-the-asi-report-by-amarnath-ramakrishna-why-is-the-tn-govt-at-loggerheads-with-asi-and-centre-over-it/,
OpIndia,20/07/25,"Telangana: BRS govt tapped phones of more than 600 people, including Opposition politicians, before 2023 Vidhan Sabha election",https://www.opindia.com/2025/07/telangana-brs-government-tappedphones-of-more-than-600-people-before-vidhan-sabha-election-2023-details/,"During the run-up to the 2023 Assembly elections, the Special Investigation Team (SIT) has found that the Special Operations Team (SOT) of Telangana’s Special Intelligence Bureau (SIB) has allegedly tapped the phones of at least 600 individuals. Many of them belong to political leaders from the opposition."
OpIndia,20/07/25,"Kerala High Court prohibits use of AI tools by courts to issue orders or reach conclusions, warns action for violations",https://www.opindia.com/2025/07/kerala-high-court-prohibits-use-of-ai-tools-by-courts-to-issue-orders/,The Kerala HC directed the courts not to use Artificial Intelligence (AI) tools to issue orders. The High Court has issued special guidelines in this regard for judicial officers and others.
OpIndia,20/07/25,"Indian cricket veterans withdraw from playing against Pakistan at World Championship of Legends, match called off: Details",https://www.opindia.com/2025/07/world-championship-of-legends-india-vs-pakistan-match-cancelled-details/,"The India vs Pakistan Legends cricket match in the World Championship of Legends (WCL) was cancelled on July 20, 2025, after Indian players including *Shikhar Dhawan, Harbhajan Singh, and Pathan brothers withdrew.They cited national sentiments following the Pahalgam terror attack (April 2025) and India's retaliatory *Operation Sindoor*. WCL organisers apologised for ""hurting sentiments"""
OpIndia,20/07/25,"How the Balrampur conversion racket exposes the modus operandi of sexual harassment, blackmail, and a foreign-funded Islamist network in India",https://www.opindia.com/2025/07/balrampur-conversion-racket-jalaluddin-islamist-network-india/,"The ATS found links between Jalaluddin, Pakistan’s ISI, and missionary groups targeting poor Hindus. Fake documents, blackmail, benami properties and caste-based conversion payments revealed a dangerous Islamist syndicate hiding in plain sight."
OpIndia,20/07/25,"Aligarh Muslim University: Hindu employee narrates how he is being mocked for wearing tilak, accuses officer Sameer of harassment and religious discrimination",https://www.opindia.com/2025/07/aligarh-muslim-university-hindu-employee-ashish-sharma-harassed-discriminated-by-sameer-mursil-khan-details/,Ashish Sharma said that Sameer Mursil Khan has been harassing him due to his Hindu religion since the past year.
OpIndia,19/07/25,Rajdeep Sardesai lies about Chhatrapati Shivaji Maharaj to whitewash Mughal atrocities: When false moral equivalence becomes historical slander,https://www.opindia.com/2025/07/rajdeep-sardesai-lies-about-chhatrapati-shivaji-maharaj-to-whitewash-mughal-atrocities/,"In a recent 'Democratic Newsroom' episode, Rajdeep Sardesai peddled lies about Chhatrapati Shivaji Maharaj to draw false moral equivalence with Mughal tyrants."
OpIndia,19/07/25,"ISIS-style conversion racket busted: UP Police exposes pan-India Islamic radicalization syndicate; 10 accused linked to PFI, SDPI arrested",https://www.opindia.com/2025/07/isis-style-conversion-racket-busted-up-police-pan-india-islamic-radicalization-syndicate-10-arrested/,An investigation into the disappearance of two sisters from Agra led to the arrest of the ten accused by the UP Police.
OpIndia,19/07/25,"Trump admin escalates tensions with Brazil, revokes visa of Supreme Court Judge for ordering ankle monitor, house arrest & other restrictions on ex-president Bolsonaro",https://www.opindia.com/2025/07/us-revokes-visa-of-supreme-court-judge-for-ordering-ankle-monitor-house-arrest-of-ex-president-bolsonaro/,"The U.S. on Friday revoked the visa of Brazilian Supreme Court Justice Alexandre de Moraes, overseeing the case against former president Jair Bolsonaro, in a sharp escalation of tensions between the two nations"
OpIndia,19/07/25,"First Balasore self-immolation, now Greater Noida suicide: Why do we need such tragedies to wake us up to the problem of harassment of students",https://www.opindia.com/2025/07/first-balasore-self-immolation-now-greater-noida-suicide-the-problem-of-harassment-of-students/,"Two accused teachers have been suspended so far. A committee has also been formed to investigate the matter. Action will be taken against those found guilty based on the committee’s report, university's PR officer reported."
OpIndia,19/07/25,Gopalganj horror: How the Bangladesh Army perpetrated atrocities against unarmed civilians at the behest of Muhammad Yunus,https://www.opindia.com/2025/07/gopalganj-horror-how-the-bangladesh-army-perpetrated-atrocities-against-unarmed-civilians-at-the-behest-of-muhammad-yunus/,"It is part of a larger, calculated strategy orchestrated by radical Islamists and jihadists who seized power through what many now call the Jihadist Coup of 2024, orchestrated with the direct patronage of Nobel laureate-turned-Islamist-political-aspirant Muhammad Yunus."
OpIndia,19/07/25,"Bangladesh: BNP leaders gang-rape minor Hindu girl after she returns home from Rath Yatra, crime comes to light after the victim attempts suicide",https://www.opindia.com/2025/07/bnp-leaders-rape-minor-hindu-tripuri-tribal-girl-khagrachhari-chittagong-bangladesh-details/,"On the night of 16th July, the girl's father filed a complaint against the 6 BNP leaders at the Khagrachhari Sadar Police Station."
OpIndia,19/07/25,"Balasore suicide horror: 71 classmates signed a letter defending accused professor, victim was vilified by BJD, Congress student wings before she immolated herself",https://www.opindia.com/2025/07/balasore-suicide-71-classmates-signed-a-letter-defending-accused-professor-victim-was-vilified-by-bjd-congress-student-wings/,A 20-year-old student in Odisha immolated herself days after she was reportedly character-assassinated by BJD and Congress student wings.
OpIndia,19/07/25,"While left liberals have a problem with Akbar being called a brutal conqueror in NCERT books, read how the Mughal King massacred 30000 Hindus...",https://www.opindia.com/2025/07/left-liberals-have-a-problem-with-mughal-king-akbar-being-called-a-brutal-conqueror-who-massacred-30000-hindus/,"The remaining Rajput soldiers put up a final resistance before the Mughal armies and laid down their lives, before the fort was finally captured on February 23-24, 1568."
OpIndia,19/07/25,"US President Donald Trump sues Wall Street Journal, demands $10 billion in damages: All you need to know about the Epstein files controversy",https://www.opindia.com/2025/07/donald-trump-sues-rupert-murdoch-wall-street-journal-epstein-files-controversy/,"Donald Trump has filed a $10 billion lawsuit against The Wall Street Journal and Rupert Murdoch, claiming defamation over a report linking him to Jeffrey Epstein. The story has reignited controversy around the unreleased Epstein files and MAGA supporters' demands for answers."
OpIndia,19/07/25,"Protecting Druze, furthering its strategic interests, maintaining buffer zones: Understanding why Israel decided to launch strikes inside Syria",https://www.opindia.com/2025/07/druze-buffer-zones-israel-syria-strikes-west-asia-faultlines/,"However, this was not just about saving Druze but also about inflicting damage to the Syrian military and maintaining buffer zones between Israel and Syria."
OpIndia,18/07/25,"Russian woman who went missing with son amid custody battle with estranged Indian husband remains untraceable, not left India by legal means: Centre tells...",https://www.opindia.com/2025/07/russian-woman-victoria-basu-remains-untraceable-hasnt-exited-india-by-legal-means-centre-to-sc/,"The central govt informed Supreme Court that Russian woman VIctoria Basu, who allegedly absconded with her son amid custody dispute with her Indian husband has not left the country through legal channels but remains ""untraceable""."
OpIndia,18/07/25,UK to lower voting age to 16: A move towards strengthening democracy or a poor decision giving such responsibility to teens who may not...,https://www.opindia.com/2025/07/uk-lower-voting-age-democracy-strengthening-or-not/,"On Thursday, 17 July, the United Kingdom made the age of 16 the voting age for all UK elections. It represents a fundamental change in democratic participation."
OpIndia,18/07/25,"RBI to roll out climate change disclosure rules for banks and financial institutions, recognises climate change as a source of major financial concern: Read...",https://www.opindia.com/2025/07/rbi-to-roll-out-climate-change-disclosure-rules-for-banks-and-financial-institutions/,"A 52-page draft note of the RBI, accessed by Reuters, prescribes a methodology for predicting and analysing the impact of extreme climate events and transition risks on the borrowers' ability to repay loans."
OpIndia,18/07/25,"Impressed businesses with lavish mansion, and then scammed them out of their money: How Mangaluru conman Rohan Saldanha duped multiple people of several crores",https://www.opindia.com/2025/07/mangaluru-how-scammer-rohan-saldanhas-audacious-scheme-scammed-several-businesses-out-of-crores/,"Rohan Saldanha posed as a high-level financier and used his lavish bungalow in Jappinamogaru, Mangaluru, to lure investors into his trap"
OpIndia,18/07/25,Delhi HC quashes 16 FIRs against 70 Indian Muslims who sheltered foreign Tablighi Jamaat members during Covid-19 outbreak: Read what were the charges and...,https://www.opindia.com/2025/07/delhi-hc-quashes-16-firs-against-70-indian-muslims-who-sheltered-foreign-tablighi-jamaat-members-during-covid-19-outbreak/,"The Delhi High Court further observed that there is no evidence to show that the Tablighi Jamaat congregation, which was planned way before the outbreak of Covid, was held after the promulgation of the notification under Section 144."
OpIndia,18/07/25,"Ujjain: Govt school teacher Shakeel Mohammad burns pics of Hindu gods, threatens students, forces them to do Namaz and read Quran",https://www.opindia.com/2025/07/ujjain-teacher-shakeel-mohammad-burns-photos-of-hindu-deities-pressures-students-to-read-namaz-and-quran/,Shakeel Mohammad is charged with committing similar acts while working in other schools as well.
OpIndia,18/07/25,"EU imposes sanctions on Vadinar Oil Refinery in Gujarat in the latest round of sanctions against Russia, calls it one of the strongest sanctions...",https://www.opindia.com/2025/07/eu-imposes-sanctions-on-vadinar-oil-refinery-in-gujarat-in-the-latest-sanctions-against-russia/,"In the 18th package of the sanctions announced today, the EU targets Russian oil exports, including refining of Russian oil in other countries. This includes “the biggest Rosneft refinery in India,” and the Indian flag registry."
OpIndia,18/07/25,"Karnataka: Researchers find evidence of a 4,000-year-old human settlement in Maski, 110 years after Ashoka inscription was discovered at the site",https://www.opindia.com/2025/07/karnataka-4000-year-old-human-settlement-discovered-in-maski-site-of-ashoka-inscription/,"Scientists from the United States, Canada and India came together to learn more about the history of Maski."
OpIndia,18/07/25,"Uttar Pradesh: Abdul Rehman raped minor Dalit girl for two months in Shravasti, forced her into an abortion, arrested",https://www.opindia.com/2025/07/uttar-pradesh-abdul-rehman-raped-minor-dalit-girl-for-two-months-in-shravasti-forced-her-into-an-abortion-arrested/,Abdul Rehman kept the victim first at his home and later at the homes of his relatives for a total period of two months before abandoning her.
OpIndia,17/07/25,Hindustan Aeronautics Limited receives first set of wing assemblies for Light Combat Aircraft Mk1A made by Larsen and Toubro,https://www.opindia.com/2025/07/hal-receives-first-set-of-wing-assemblies-for-lca-mk1a-from-lt/,"The first set of wing assemblies for Light Combat Aircraft (LCA) Mk1A, produced by Larsen and Toubro, was handed over to Hindustan Aeronautics Limited (HAL) in Coimbatore, Tamil Nadu on Thursday"
OpIndia,17/07/25,From giving HIV-infected injections to assault: 10 cases of forced conversion of Hindu transgenders by Muslim transgenders from different states of India,https://www.opindia.com/2025/07/10-cases-of-forced-conversion-of-hindu-transgenders-from-different-states-of-india/,"Hindu transgenders have been threatened, tortured and assaulted by their Muslim peers for refusing to join Islam."
OpIndia,17/07/25,Kerala govt allows euthanasia of stray dogs with diseases as rabies cases across the state cause concern,https://www.opindia.com/2025/07/kerala-govt-allows-euthanasia-of-stray-dogs-with-diseases-rabies/,"Minister Rajesh said that since the Animal Birth Control (ABC) rules do not allow euthanasia, the government relied on the Animal Husbandry Rules for allowing euthanasia of diseased stray dogs."
OpIndia,17/07/25,"Lured using Hindu name, attempt to sell in Saudi Arabia and conversion to Islam, gangraped on refusal: How a Karnataka woman was trapped by...",https://www.opindia.com/2025/07/love-jihad-survivor-from-karnataka-claims-trafficking-rape-and-forced-conversion-by-jalaluddins-conversion-racket/,"A woman from Karnataka was lured into marriage, trafficked to Saudi Arabia, and forced into religious conversion. After enduring gangrape, torture, and blackmail, she escaped and is now fighting a powerful cross-border network she claims still stalks and harasses her."
OpIndia,17/07/25,"Around 51 lakh voters to be removed from Bihar voter list as ECI finds major discrepancies in SIR exercise due to duplicate entries, death...",https://www.opindia.com/2025/07/around-51-lakh-voters-to-be-removed-from-bihar-voter-list-as-eci-finds-major-discrepancies/,
OpIndia,17/07/25,"1.29 lakh bigha land occupied by Bangladeshi infiltrators and doubtful citizens freed in 4 years, informs Assam CM Himanta Biswa Sarma",https://www.opindia.com/2025/07/1-29-lakh-bigha-land-occupied-by-bangladeshi-infiltrators-and-doubtful-citizens-freed-in-4-years-informs-assam-cm-himanta-biswa-sarma/,
OpIndia,17/07/25,"VP Jagdeep Dhankhar calls it quits: Read how he kept questioning the judiciary, seeking accountability and objecting to their overreach",https://www.opindia.com/2025/07/vp-jagdeep-dhankhar-calls-it-quits-read-how-he-kept-questioning-the-judiciary-seeking-accountability-and-objecting-to-their-overreach/,
OpIndia,17/07/25,"VP Jagdeep Dhankhar calls it quits: Read how he kept questioning the judiciary, seeking accountability and objecting to their overreach",https://www.opindia.com/2025/07/vp-jagdeep-dhankhar-calls-it-quits-read-how-he-kept-questioning-the-judiciary-seeking-accountability-and-objecting-to-their-overreach/,
OpIndia,17/07/25,"First Balasore self-immolation, now Greater Noida suicide: Why do we need such tragedies to wake us up to the problem of harassment of students",https://www.opindia.com/2025/07/first-balasore-self-immolation-now-greater-noida-suicide-the-problem-of-harassment-of-students/,
OpIndia,17/07/25,"Truck still stuck on collapsed Gambhira bridge in Gujarat: As media blames officials, Anand district collector shares the real reason with OpIndia",https://www.opindia.com/2025/07/truck-still-stuck-collapsed-gambhira-bridge-gujarat-as-media-blames-officials-know-what-happened/,
OpIndia,17/07/25,Fake claim: PIB calls out false media reports that union health ministry is set to issue health warning for samosa and jalebi like they...,https://www.opindia.com/2025/07/pib-fake-news-samosa-jalebi-health-warning-cigarettes-media-news/,
OpIndia,17/07/25,"The Print spreads fake news claiming Centre is conducting study to assess sudden deaths of young Indians after COVID-19, gets fact-checked by PIB",https://www.opindia.com/2025/07/the-print-spreads-fake-news-claiming-centre-is-conducting-study-to-assess-sudden-deaths-after-covid-19/,
OpIndia,17/07/25,"While left liberals have a problem with Akbar being called a brutal conqueror in NCERT books, read how the Mughal King massacred 30000 Hindus...",https://www.opindia.com/2025/07/left-liberals-have-a-problem-with-mughal-king-akbar-being-called-a-brutal-conqueror-who-massacred-30000-hindus/,
OpIndia,17/07/25,"Karnataka: Researchers find evidence of a 4,000-year-old human settlement in Maski, 110 years after Ashoka inscription was discovered at the site",https://www.opindia.com/2025/07/karnataka-4000-year-old-human-settlement-discovered-in-maski-site-of-ashoka-inscription/,
OpIndia,17/07/25,"Indian Ambassador to Ireland slams biased media coverage after an Indian man faces a racist attack: How online hate fuels racism against Indians, especially...",https://www.opindia.com/2025/07/indian-ambassador-to-ireland-slams-biased-media-coverage-indian-man-assaulted-online-hate-fuels-racism-against-hindus/,
OpIndia,17/07/25,Syrian govt led by former ISIS terrorist Ahmed al-Sharaa unleashes brutal crackdown on Druze community: All you need to know about the Sweida violence,https://www.opindia.com/2025/07/syrian-govt-led-by-former-isis-terrorist-ahmed-al-sharaa-unleashes-brutal-crackdown-on-druze-community-all-you-need-to-know-about-the-sweida-violence/,
OpIndia,17/07/25,Keeladi excavation and controversy over the ASI report by Amarnath Ramakrishna: Why is the TN govt at loggerheads with ASI and Centre over it,https://www.opindia.com/2025/07/keeladi-excavation-controversy-over-the-asi-report-by-amarnath-ramakrishna-why-is-the-tn-govt-at-loggerheads-with-asi-and-centre-over-it/,
OpIndia,17/07/25,"Around 51 lakh voters to be removed from Bihar voter list as ECI finds major discrepancies in SIR exercise due to duplicate entries, death...",https://www.opindia.com/2025/07/around-51-lakh-voters-to-be-removed-from-bihar-voter-list-as-eci-finds-major-discrepancies/,
OpIndia,17/07/25,"1.29 lakh bigha land occupied by Bangladeshi infiltrators and doubtful citizens freed in 4 years, informs Assam CM Himanta Biswa Sarma",https://www.opindia.com/2025/07/1-29-lakh-bigha-land-occupied-by-bangladeshi-infiltrators-and-doubtful-citizens-freed-in-4-years-informs-assam-cm-himanta-biswa-sarma/,
OpIndia,17/07/25,"VP Jagdeep Dhankhar calls it quits: Read how he kept questioning the judiciary, seeking accountability and objecting to their overreach",https://www.opindia.com/2025/07/vp-jagdeep-dhankhar-calls-it-quits-read-how-he-kept-questioning-the-judiciary-seeking-accountability-and-objecting-to-their-overreach/,
OpIndia,17/07/25,"VP Jagdeep Dhankhar calls it quits: Read how he kept questioning the judiciary, seeking accountability and objecting to their overreach",https://www.opindia.com/2025/07/vp-jagdeep-dhankhar-calls-it-quits-read-how-he-kept-questioning-the-judiciary-seeking-accountability-and-objecting-to-their-overreach/,
OpIndia,17/07/25,"First Balasore self-immolation, now Greater Noida suicide: Why do we need such tragedies to wake us up to the problem of harassment of students",https://www.opindia.com/2025/07/first-balasore-self-immolation-now-greater-noida-suicide-the-problem-of-harassment-of-students/,
OpIndia,17/07/25,"Truck still stuck on collapsed Gambhira bridge in Gujarat: As media blames officials, Anand district collector shares the real reason with OpIndia",https://www.opindia.com/2025/07/truck-still-stuck-collapsed-gambhira-bridge-gujarat-as-media-blames-officials-know-what-happened/,
OpIndia,17/07/25,Fake claim: PIB calls out false media reports that union health ministry is set to issue health warning for samosa and jalebi like they...,https://www.opindia.com/2025/07/pib-fake-news-samosa-jalebi-health-warning-cigarettes-media-news/,
OpIndia,17/07/25,"The Print spreads fake news claiming Centre is conducting study to assess sudden deaths of young Indians after COVID-19, gets fact-checked by PIB",https://www.opindia.com/2025/07/the-print-spreads-fake-news-claiming-centre-is-conducting-study-to-assess-sudden-deaths-after-covid-19/,
OpIndia,17/07/25,"While left liberals have a problem with Akbar being called a brutal conqueror in NCERT books, read how the Mughal King massacred 30000 Hindus...",https://www.opindia.com/2025/07/left-liberals-have-a-problem-with-mughal-king-akbar-being-called-a-brutal-conqueror-who-massacred-30000-hindus/,
OpIndia,17/07/25,"Karnataka: Researchers find evidence of a 4,000-year-old human settlement in Maski, 110 years after Ashoka inscription was discovered at the site",https://www.opindia.com/2025/07/karnataka-4000-year-old-human-settlement-discovered-in-maski-site-of-ashoka-inscription/,
OpIndia,17/07/25,"Indian Ambassador to Ireland slams biased media coverage after an Indian man faces a racist attack: How online hate fuels racism against Indians, especially...",https://www.opindia.com/2025/07/indian-ambassador-to-ireland-slams-biased-media-coverage-indian-man-assaulted-online-hate-fuels-racism-against-hindus/,
OpIndia,17/07/25,Syrian govt led by former ISIS terrorist Ahmed al-Sharaa unleashes brutal crackdown on Druze community: All you need to know about the Sweida violence,https://www.opindia.com/2025/07/syrian-govt-led-by-former-isis-terrorist-ahmed-al-sharaa-unleashes-brutal-crackdown-on-druze-community-all-you-need-to-know-about-the-sweida-violence/,
OpIndia,17/07/25,Keeladi excavation and controversy over the ASI report by Amarnath Ramakrishna: Why is the TN govt at loggerheads with ASI and Centre over it,https://www.opindia.com/2025/07/keeladi-excavation-controversy-over-the-asi-report-by-amarnath-ramakrishna-why-is-the-tn-govt-at-loggerheads-with-asi-and-centre-over-it/,
OpIndia,17/07/25,Assam: Muslim mob attacks police team during eviction drive in Paikan Reserve Forest; 1 killed and several injured after police retaliate,https://www.opindia.com/2025/07/assam-muslim-mob-attacks-police-team-eviction-drive-in-paikan-reserve-forest-1-killed-in-policing-firing-several-injured/,"A violent clash broke out during an eviction drive in Assam’s Paikan Reserve Forest after a Muslim mob attacked the police, leading to police firing that left one dead and several injured."
OpIndia,17/07/25,"Madhya Pradesh govt spent 10 Crores on Hindi medium MBBS, books found using English terms, zero students appeared for exams in Hindi",https://www.opindia.com/2025/07/mp-govt-spent-10-crores-on-hindi-medium-mbbs-books-english-terms-zero-students-appeared-for-exams-in-hindi/,"Madhya Pradesh first introduced Hindi in engineering education. However, similar feedback has emerged, students showed little interest in pursuing engineering courses in Hindi."
OpIndia,17/07/25,UK: Labour government plans to lower the voting age from 18 to 16 ahead of the next general elections,https://www.opindia.com/2025/07/labour-government-in-uk-set-to-reduce-voting-age-from-18-to-16/,"UK Prime Minister Keir Starmer said that many 16 and 17-year-olds work and pay taxes, and therefore, they should have a say in how their tax money is spent."
OpIndia,17/07/25,Bangladesh to witness another uprising? How Awami League is rebuilding itself and fighting the Islamist regime of Muhammad Yunus,https://www.opindia.com/2025/07/awami-league-rebuilding-itself-in-bangladesh-again-after-fall-of-sheikh-hasina-challenging-muhammad-yunus-ncp-gopalganj-incident-details/,"Despite all the pessimism, the Awami League supporters are gradually rebuilding the party in the absence of Sheikh Hasina. They are taking to the streets, without fear for their safety and security, to challenge the Yunus regime and its puppets in the political arena."
OpIndia,17/07/25,"Maharashtra: Another small step towards normalcy in an area previously gripped by Naxal terrorism, first bus service started after independence in Markanar village",https://www.opindia.com/2025/07/maharashtra-another-small-step-towards-normalcy-in-an-area-previously-gripped-by-naxal-terrorism-first-bus-service-started-after-independence-in-markanar-village/,This was the first time the villagers had seen a bus service arrive in the village in over 7 decades since independence.
OpIndia,17/07/25,"Kota: Razak claims to be Adi to trap minor Hindu girl, attempts to take her away with him, arrested after the victim got suspicious",https://www.opindia.com/2025/07/kota-razak-pretends-to-be-adi-and-attempts-to-take-away-underage-hindu-girl-with-him/,The girl was counseled by the Child Welfare Committee and then given to her family members.
OpIndia,17/07/25,"Odisha: Crime Branch probe ordered in FM Colelge student self-immolation case, state-wide Bandh called today, friend says victim was being used as political tool...",https://www.opindia.com/2025/07/odisha-crime-branch-probe-ordered-in-fm-college-student-self-immolation-case-friend-reveals-how-victim-was-brutally-trolled/,"On Thursday, 17th July, Several opposition parties called for a statewide bandh in Odisha. The Bandh was orchestrated to protest the self-immolation death of Soumyashree Bishi, a 20-year-old student at Fakir Mohan Autonomous College in Balasore. The political firestorm ignited by the tragedy intensified with revelations that Congress' student wing orchestrated online harassment campaigns against the victim, even as senior party leaders positioned themselves as champions of justice."
OpIndia,17/07/25,"Madhya Pradesh: Gym trainer Aman Khan uses fake Hindu identity, molests co-worker and forces the victim to convert to Islam",https://www.opindia.com/2025/07/gym-trainer-aman-khan-molests-hindu-girl-forces-her-to-convert-to-islam-jabalpur-madhya-pradesh-details/,Aman Khan used to misbehave with her by inappropriately touching her and hurling abuses at her. Khan also used to force her to convert to Islam.
OpIndia,16/07/25,"Delhi CM Rekha Gupta accuses AAP of financial irregularities in Jai Bhim Chief Minister Talent Development Scheme, says the party looted the future of...",https://www.opindia.com/2025/07/delhi-cm-rekha-gupta-accuses-aap-of-financial-irregularities-in-jai-bhim-chief-minister-talent-development-scheme/,"Delhi CM Rekha Gupta hit out at the Aam Aadmi Party, accusing them of having ""looted the future of Dalit children"" by citing irregularities in the 'Jai Bhim Chief Minister Talent Development Scheme' which was introduced during the AAP regime in Delhi."
OpIndia,16/07/25,Syrian govt led by former ISIS terrorist Ahmed al-Sharaa unleashes brutal crackdown on Druze community: All you need to know about the Sweida violence,https://www.opindia.com/2025/07/syrian-govt-led-by-former-isis-terrorist-ahmed-al-sharaa-unleashes-brutal-crackdown-on-druze-community-all-you-need-to-know-about-the-sweida-violence/,"The Druze minorities have been ceaselessly under attack in Syria under the administration of former Islamic terrorist, Ahmed al-Sharaa."
OpIndia,16/07/25,"Nagpur stray dog menace: Bombay HC slams police, NMC after child dies fleeing canine",https://www.opindia.com/2025/07/nagpur-stray-dog-menace-bombay-hc-slams-police-nmc-after-child-dies-fleeing-canine/,"The PIL, filed in 2022, highlights rising dog attacks across Nagpur. Judges cited non-compliance with earlier orders and warned that lives, especially of children and the elderly, remain at risk due to administrative apathy."
OpIndia,16/07/25,"Fearing wipe-out, Maoists kill two teachers in Chhattisgarh on suspicion of being informers, read how the Naxals have been targeting innocent civilians for years",https://www.opindia.com/2025/07/maoists-kill-two-teachers-chhattisgarh-on-suspicion-of-being-informers-targeting-innocent-civilians-for-years/,"Two young teachers were killed by Maoists in Bijapur, Chhattisgarh, on suspicion of being police informers. With this, the civilian death toll in Maoist violence in 2025 has reached 25, exposing the ongoing threat to development in Bastar."
OpIndia,16/07/25,"Union Cabinet approves Prime Minister Dhan-Dhaanya Krishi Yojana for six years, 1.7 crore farmers to be benefited in 100 districts",https://www.opindia.com/2025/07/union-cabinet-approves-prime-minister-dhan-dhaanya-krishi-yojana-for-six-years/,Union Cabinet chaired by Prime Minister Narendra Modi on Wednesday approved the “Prime Minister Dhan-Dhaanya Krishi Yojana.”
OpIndia,16/07/25,"Indore: Hindu transgenders accuse Muslim peers of forced conversion, infecting them with HIV syringes upon refusal; SIT to probe",https://www.opindia.com/2025/07/indore-hindu-transgenders-accuse-muslim-peers-of-forced-conversion-infecting-them-with-hiv-syringes-upon-refusal/,The Hindu transgender leader was pushed to perform Hajj and embrace Islam by the accused after which she formed her own group.
OpIndia,16/07/25,"Thousands of Afghans, including former military officials secretly brought into the UK after Taliban takeover, over 400 million pounds spent on relocation so far",https://www.opindia.com/2025/07/afghan-relocation-uk-taliban-data-breach/,"he secretive scheme, triggered by a serious Ministry of Defence error, has seen 4,500 Afghans resettled so far. Over 2,000 remain in danger inside Afghanistan, as accountability questions over the cover-up continue to mount."
OpIndia,16/07/25,Keeladi excavation and controversy over the ASI report by Amarnath Ramakrishna: Why is the TN govt at loggerheads with ASI and Centre over it,https://www.opindia.com/2025/07/keeladi-excavation-controversy-over-the-asi-report-by-amarnath-ramakrishna-why-is-the-tn-govt-at-loggerheads-with-asi-and-centre-over-it/,The Keeladi excavation revealed an urban and industrial settlement between 6th century BCE and 2nd century CE.
OpIndia,15/07/25,"Chhangur Baba is just tip of the iceberg: Unmasking the Islamist playbook of sexual exploitation, forced conversions, blackmail, and foreign-funded subversion in India",https://www.opindia.com/2025/07/chhangur-baba-is-tip-of-iceberg-unmasking-islamist-playbook-of-sexual-exploitation-forced-conversions-blackmail-subversion-in-india/,Muslim grooming gangs and conversion rackets exploit Hindu vulnerabilities to ruin lives and alter India’s demographic balance.
OpIndia,15/07/25,"Ghost students, fake schools, including madrasas, and Rs 57 lakh vanished: All you need to know about the MP Minority Scholarship Scam",https://www.opindia.com/2025/07/ghost-students-fake-schools-rs-57-lakh-vanished-the-mp-scholarship-scam/,"A massive ₹57 lakh scholarship scam has been uncovered in Bhopal involving fake students and ghost schools siphoning minority welfare funds, triggering a statewide probe into over 100 institutions across Madhya Pradesh."
OpIndia,15/07/25,Fake claim: PIB calls out false media reports that union health ministry is set to issue health warning for samosa and jalebi like they...,https://www.opindia.com/2025/07/pib-fake-news-samosa-jalebi-health-warning-cigarettes-media-news/,The PIB pointed out that the ministry's advisory does not feature any warning labels on food items offered by vendors selling samosa-jalebi.
OpIndia,15/07/25,Madras High Court slams petitioner Fathima for filing multiple frivolous applications to delay the legal proceedings in a case relating to temple properties,https://www.opindia.com/2025/07/madras-high-court-petitioner-fathima-chenna-malleeswarar-and-chenna-kesava-temples/,The court responded to Fathima's petitions saying that the court is bound to protect the interest of a deity in cases relating to temple.
OpIndia,15/07/25,Indian astronaut Shubhanshu Shukla safely returns after 18 days in orbit aboard ISS: Watch,https://www.opindia.com/2025/07/indian-astronaut-shubhanshu-shukla-returns-after-18-days-in-orbit-aboard-iss/,The smooth splash highlights the conclusion of a nearly 22-hour return journey after the spacecraft undocked from the ISS on Monday evening IST
OpIndia,15/07/25,"India achieves 50% non-fossil power milestone in 2025, five years ahead of 2030 target",https://www.opindia.com/2025/07/india-achieves-50-non-fossil-power-milestone-in-2025-five-years-ahead-of-2030-target/,"With 242.8 GW from clean sources, India has reached its 50% non-fossil power milestone early. The achievement reflects successful policies like PM-KUSUM and advances in AI-driven, decentralised energy infrastructure."
OpIndia,15/07/25,"Balasore, Odisha: FM College student, who set herself on fire following inaction on sexual harassment complaint, dies in AIIMS",https://www.opindia.com/2025/07/balasore-odisha-fm-college-student-who-set-herself-on-fire-following-inaction-on-sexual-harassment-complaint-dies-in-aiims/,The victim had accused the HoD of repeated sexual harassment and threats. She was upset that no substantial action was taken against him.
OpIndia,14/07/25,"Jane Street Capital deposits 4,843 Crore in escrow account to comply with SEBI regulations, read all about the scandal involving the American trading firm",https://www.opindia.com/2025/07/jane-street-deposits-%e2%82%b94843-crore-in-escrow-after-sebi-action-over-market-manipulation-read-what-it-means-for-foreign-investors/,"US-based trading firm Jane Street has deposited ₹4,843 crore in an escrow account following SEBI's allegations of market manipulation. The company is accused of influencing stock and index prices in India."
OpIndia,14/07/25,"Hindu traditions under attack in Kerala? Schools booked for Guru Purnima celebrations, Education Minister orders probe: Know what happened",https://www.opindia.com/2025/07/bvn-schools-under-inquiry-guru-purnima-celebrations-edu-minister-initiates-inquiry-know-what-happened/,The governor asserted that the practice is an integral part of Sanatan Dharma as the leftists groups were enraged.
OpIndia,14/07/25,"Around 51 lakh voters to be removed from Bihar voter list as ECI finds major discrepancies in SIR exercise due to duplicate entries, death...",https://www.opindia.com/2025/07/around-51-lakh-voters-to-be-removed-from-bihar-voter-list-as-eci-finds-major-discrepancies/,
OpIndia,14/07/25,"1.29 lakh bigha land occupied by Bangladeshi infiltrators and doubtful citizens freed in 4 years, informs Assam CM Himanta Biswa Sarma",https://www.opindia.com/2025/07/1-29-lakh-bigha-land-occupied-by-bangladeshi-infiltrators-and-doubtful-citizens-freed-in-4-years-informs-assam-cm-himanta-biswa-sarma/,
OpIndia,14/07/25,"VP Jagdeep Dhankhar calls it quits: Read how he kept questioning the judiciary, seeking accountability and objecting to their overreach",https://www.opindia.com/2025/07/vp-jagdeep-dhankhar-calls-it-quits-read-how-he-kept-questioning-the-judiciary-seeking-accountability-and-objecting-to-their-overreach/,
OpIndia,14/07/25,"VP Jagdeep Dhankhar calls it quits: Read how he kept questioning the judiciary, seeking accountability and objecting to their overreach",https://www.opindia.com/2025/07/vp-jagdeep-dhankhar-calls-it-quits-read-how-he-kept-questioning-the-judiciary-seeking-accountability-and-objecting-to-their-overreach/,
OpIndia,14/07/25,"First Balasore self-immolation, now Greater Noida suicide: Why do we need such tragedies to wake us up to the problem of harassment of students",https://www.opindia.com/2025/07/first-balasore-self-immolation-now-greater-noida-suicide-the-problem-of-harassment-of-students/,
OpIndia,14/07/25,"Truck still stuck on collapsed Gambhira bridge in Gujarat: As media blames officials, Anand district collector shares the real reason with OpIndia",https://www.opindia.com/2025/07/truck-still-stuck-collapsed-gambhira-bridge-gujarat-as-media-blames-officials-know-what-happened/,
OpIndia,14/07/25,Fake claim: PIB calls out false media reports that union health ministry is set to issue health warning for samosa and jalebi like they...,https://www.opindia.com/2025/07/pib-fake-news-samosa-jalebi-health-warning-cigarettes-media-news/,
OpIndia,14/07/25,"The Print spreads fake news claiming Centre is conducting study to assess sudden deaths of young Indians after COVID-19, gets fact-checked by PIB",https://www.opindia.com/2025/07/the-print-spreads-fake-news-claiming-centre-is-conducting-study-to-assess-sudden-deaths-after-covid-19/,
OpIndia,14/07/25,"While left liberals have a problem with Akbar being called a brutal conqueror in NCERT books, read how the Mughal King massacred 30000 Hindus...",https://www.opindia.com/2025/07/left-liberals-have-a-problem-with-mughal-king-akbar-being-called-a-brutal-conqueror-who-massacred-30000-hindus/,
OpIndia,14/07/25,"Karnataka: Researchers find evidence of a 4,000-year-old human settlement in Maski, 110 years after Ashoka inscription was discovered at the site",https://www.opindia.com/2025/07/karnataka-4000-year-old-human-settlement-discovered-in-maski-site-of-ashoka-inscription/,
OpIndia,14/07/25,"Indian Ambassador to Ireland slams biased media coverage after an Indian man faces a racist attack: How online hate fuels racism against Indians, especially...",https://www.opindia.com/2025/07/indian-ambassador-to-ireland-slams-biased-media-coverage-indian-man-assaulted-online-hate-fuels-racism-against-hindus/,
OpIndia,14/07/25,Syrian govt led by former ISIS terrorist Ahmed al-Sharaa unleashes brutal crackdown on Druze community: All you need to know about the Sweida violence,https://www.opindia.com/2025/07/syrian-govt-led-by-former-isis-terrorist-ahmed-al-sharaa-unleashes-brutal-crackdown-on-druze-community-all-you-need-to-know-about-the-sweida-violence/,
OpIndia,14/07/25,Keeladi excavation and controversy over the ASI report by Amarnath Ramakrishna: Why is the TN govt at loggerheads with ASI and Centre over it,https://www.opindia.com/2025/07/keeladi-excavation-controversy-over-the-asi-report-by-amarnath-ramakrishna-why-is-the-tn-govt-at-loggerheads-with-asi-and-centre-over-it/,
OpIndia,14/07/25,"Around 51 lakh voters to be removed from Bihar voter list as ECI finds major discrepancies in SIR exercise due to duplicate entries, death...",https://www.opindia.com/2025/07/around-51-lakh-voters-to-be-removed-from-bihar-voter-list-as-eci-finds-major-discrepancies/,
OpIndia,14/07/25,"1.29 lakh bigha land occupied by Bangladeshi infiltrators and doubtful citizens freed in 4 years, informs Assam CM Himanta Biswa Sarma",https://www.opindia.com/2025/07/1-29-lakh-bigha-land-occupied-by-bangladeshi-infiltrators-and-doubtful-citizens-freed-in-4-years-informs-assam-cm-himanta-biswa-sarma/,
OpIndia,14/07/25,"VP Jagdeep Dhankhar calls it quits: Read how he kept questioning the judiciary, seeking accountability and objecting to their overreach",https://www.opindia.com/2025/07/vp-jagdeep-dhankhar-calls-it-quits-read-how-he-kept-questioning-the-judiciary-seeking-accountability-and-objecting-to-their-overreach/,
OpIndia,14/07/25,"VP Jagdeep Dhankhar calls it quits: Read how he kept questioning the judiciary, seeking accountability and objecting to their overreach",https://www.opindia.com/2025/07/vp-jagdeep-dhankhar-calls-it-quits-read-how-he-kept-questioning-the-judiciary-seeking-accountability-and-objecting-to-their-overreach/,
OpIndia,14/07/25,"First Balasore self-immolation, now Greater Noida suicide: Why do we need such tragedies to wake us up to the problem of harassment of students",https://www.opindia.com/2025/07/first-balasore-self-immolation-now-greater-noida-suicide-the-problem-of-harassment-of-students/,
OpIndia,14/07/25,"Truck still stuck on collapsed Gambhira bridge in Gujarat: As media blames officials, Anand district collector shares the real reason with OpIndia",https://www.opindia.com/2025/07/truck-still-stuck-collapsed-gambhira-bridge-gujarat-as-media-blames-officials-know-what-happened/,
OpIndia,14/07/25,Fake claim: PIB calls out false media reports that union health ministry is set to issue health warning for samosa and jalebi like they...,https://www.opindia.com/2025/07/pib-fake-news-samosa-jalebi-health-warning-cigarettes-media-news/,
OpIndia,14/07/25,"The Print spreads fake news claiming Centre is conducting study to assess sudden deaths of young Indians after COVID-19, gets fact-checked by PIB",https://www.opindia.com/2025/07/the-print-spreads-fake-news-claiming-centre-is-conducting-study-to-assess-sudden-deaths-after-covid-19/,
OpIndia,14/07/25,"While left liberals have a problem with Akbar being called a brutal conqueror in NCERT books, read how the Mughal King massacred 30000 Hindus...",https://www.opindia.com/2025/07/left-liberals-have-a-problem-with-mughal-king-akbar-being-called-a-brutal-conqueror-who-massacred-30000-hindus/,
OpIndia,14/07/25,"Karnataka: Researchers find evidence of a 4,000-year-old human settlement in Maski, 110 years after Ashoka inscription was discovered at the site",https://www.opindia.com/2025/07/karnataka-4000-year-old-human-settlement-discovered-in-maski-site-of-ashoka-inscription/,
OpIndia,14/07/25,"Indian Ambassador to Ireland slams biased media coverage after an Indian man faces a racist attack: How online hate fuels racism against Indians, especially...",https://www.opindia.com/2025/07/indian-ambassador-to-ireland-slams-biased-media-coverage-indian-man-assaulted-online-hate-fuels-racism-against-hindus/,
OpIndia,14/07/25,Syrian govt led by former ISIS terrorist Ahmed al-Sharaa unleashes brutal crackdown on Druze community: All you need to know about the Sweida violence,https://www.opindia.com/2025/07/syrian-govt-led-by-former-isis-terrorist-ahmed-al-sharaa-unleashes-brutal-crackdown-on-druze-community-all-you-need-to-know-about-the-sweida-violence/,
OpIndia,14/07/25,Keeladi excavation and controversy over the ASI report by Amarnath Ramakrishna: Why is the TN govt at loggerheads with ASI and Centre over it,https://www.opindia.com/2025/07/keeladi-excavation-controversy-over-the-asi-report-by-amarnath-ramakrishna-why-is-the-tn-govt-at-loggerheads-with-asi-and-centre-over-it/,
OpIndia,14/07/25,"Aaj Tak journalist questions the Brajmandal Yatra citing 2023 Nuh violence, where Muslim mobs attacked Hindu, but fails to question Islamists, tries to put...",https://www.opindia.com/2025/07/aaj-tak-questions-brajmandal-yatra-blames-hindus-ignores-muslim-mob/,"Seven Hindus were killed, including a youth brutally lynched in a temple, yet Aaj Tak’s anchor and reporter sidestepped these facts, focusing instead on restrictions and blaming devotees for potential communal flare-ups."
OpIndia,14/07/25,"Congress supporting troll accuses Air Kanishka bombing survivor Sanjay Lazar, who had lost his parents and sister in the Khalistani terror attack, of making...",https://www.opindia.com/2025/07/congress-air-kanishka-sanjay-lazar-khalistani-terror-attack-canada/,The Congress supporter’s vile comment did not go without response as Sanjay Lazar called out Suryanarayan Ganesh for mocking him without knowing much about his career.
OpIndia,13/07/25,"Delhi: Body of DU student Sneha Debnath found in Geeta Colony days after she went missing, note discovered in her room indicates suicide",https://www.opindia.com/2025/07/delhi-body-of-du-student-sneha-debnath-found-in-geeta-colony-days-after-she-went-missing/,"Days after 19-year-old Sneha Debnath, a student at Atma Ram Sanatan Dharma College in Delhi University, went missing, her body has been recovered from a river under the Geeta Colony flyover on Sunday"
OpIndia,13/07/25,"Dhaka: Students shut down Mitford Hospital after trader Lal Chand lynched near the gate, family say BNP-linked gang killed him for not paying monthly...",https://www.opindia.com/2025/07/dhaka-students-shut-down-mitford-hospital-after-trader-lal-chand-lynched-near-the-gate-family-say-killed-for-for-not-paying-tk2-lakh-per-month/,"Scrap dealer Lal Chand, also known as Sohag, was killed by a gang for not paying Tk2 Lakh every month, his family has said."
OpIndia,13/07/25,"Union govt relaxes requirement for Flue-Gas Desulphurisation systems at coal-fired power plants, expected to cut electricity cost by 25-30 paise per unit",https://www.opindia.com/2025/07/union-govt-relaxes-fgd-requirement-for-coal-fired-power-plants-electricity-cost-to-reduce-by-25-30-paise-per-unit/,"The Union Government has announced a significant policy shift by easing Sulphur emission norms for coal-fired power plants, making it mandatory only for plants located near large cities"
OpIndia,13/07/25,"Prayagraj: Ejaz posed as Azad Singh to marry Hindu woman, years later reveals he is Muslim and forces her and daughter to convert, case...",https://www.opindia.com/2025/07/prayagraj-ejaz-posed-as-azad-singh-to-marry-hindu-woman-forces-her-to-convert/,A woman from Prayagraj has accused her husband of hiding his Muslim identity and marrying her under a Hindu name. She alleges he is now forcing her and their daughter to convert to Islam and has threatened to kill them if they refuse.
OpIndia,13/07/25,"Meenakshi Jain, Sadanandan Master for Rajya Sabha: How Modi govt broke the UPA-era habit of rewarding loyalists and brought recognition to real leaders who...",https://www.opindia.com/2025/07/meenakshi-jain-sadanandan-master-rajya-sabha-modi-govt-broke-upa-era-loyalists/,"The Padma Awards, once criticised for rewarding loyalists and political affiliates, now reflect a broader spectrum of contributions, recognising those who have shaped India’s cultural, ideological, and social landscape through their work."
OpIndia,13/07/25,"Arunachal Pradesh: Locals drag Riazul Karim out of police station, kill him for molesting 5-year-old kids, school shut down temporarily",https://www.opindia.com/2025/07/riazul-karim-molest-young-girls-lynched-by-locals-roing-arunachal-pradesh-details/,"Parents and locals dragged Riazul Karim out of the police station and beat him severely. Even after police took him to a hospital, the crowd thrashed him again, leading to his death."
OpIndia,13/07/25,"Indian Railways to install CCTV cameras in all passenger coaches and locomotives after successful trials, Minister Vaishnaw emphasises on deploying the best-in-class equipment",https://www.opindia.com/2025/07/indian-railways-to-install-cctv-cameras-in-all-passenger-coaches-and-locomotives-after-successful-trials/,"The Union Minister for Railways have given the go ahead to install CCTV cameras in all 74,000 coaches and 15,000 locos."
OpIndia,13/07/25,"UP: Dalit man brutally beaten by Muslim mob for playing Shiv Bhajan during Sawan in Moradabad, case registered",https://www.opindia.com/2025/07/up-dalit-man-beaten-up-by-muslim-mob-for-playing-shiv-bhajan-in-moradabad/,"A Dalit Hindu e-rickshaw driver Ankit got brutally beaten by the Muslim mob for playing bhajan during Savan in Moradabad, Utter Pradesh."
OpIndia,13/07/25,"BJP leader Surendra Kewat shot dead in Bihar, 2nd case of killing of prominent BJP politician ahead of elections",https://www.opindia.com/2025/07/bjp-leader-surendra-kewat-shot-dead-in-bihar-2nd-case-of-killing-of-prominent-bjp-politician-ahead-of-elections/,"Former BJP Kisan Morcha leader Surendra Kewat was shot dead in Punpun, Bihar, on Saturday night while working in the fields. This is the second high-profile killing in Patna in 15 days, sparking fresh political tensions across the state."
OpIndia,13/07/25,"ULFA-I says funeral of its top commander killed in earlier drone strike in Myanmar hit by Indian missile, two leaders killed and many injured,...",https://www.opindia.com/2025/07/ulfa-i-says-funeral-of-its-top-commander-killed-in-earlier-drone-strike-in-myanmar-hit-by-missile-killing-two-leaders/,"After saying that its camps in Myanmar were attacked by Indian forces earlier today, ULFA-I (United Liberation Front of Asom- Independent) later said that the funeral of its commander killed in the attack was also hit by missiles shot by Indian planes"
OpIndia,13/07/25,Raipur: Mob of over 80 Muslims led by history sheeter Yasin Sheikh attack a Hindu family over a minor dispute with neighbour,https://www.opindia.com/2025/07/raipur-mob-of-over-80-muslims-led-by-history-sheeter-yasin-sheikh-attack-a-hindu-family-over-a-minor-dispute-with-neighbour/,"A Hindu family in Raipur’s Bhavna Nagar was attacked by a Muslim mob after a minor neighbourhood dispute. The situation turned communal as Bajrang Dal staged protests, demanding the arrest of all accused. Tensions remain high in the area."
OpIndia,13/07/25,"Meet Harsh Vardhan Shringla: Career diplomat and former Foreign Secretary of India, who has been nominated to the Rajya Sabha",https://www.opindia.com/2025/07/meet-harsh-vardhan-shringla-career-diplomat-and-former-foreign-secretary-of-india-who-has-been-nominated-to-the-rajya-sabha/,"President Droupadi Murmu has nominated former Foreign Secretary Harsh Vardhan Shringla to the Rajya Sabha. A seasoned diplomat, Shringla has held top positions including Ambassador to the US and Chief Coordinator of India’s G20 Presidency in 2023."
OpIndia,13/07/25,"Who is Meenakshi Jain, the newly nominated Rajya Sabha MP whose books countered the lies and anti-Hindu propaganda of leftist historians",https://www.opindia.com/2025/07/who-is-meenakshi-jain-historian-who-debunked-lies-leftist-historian-nominated-to-rajya-sabha-details/,"In her works on the Ram Temple, Dr Meenakshi Jain exposed how the leftist historians distorted the truth and how the historical and government documents were tampered with after the British considered the site the birthplace of Lord Ram."
OpIndia,13/07/25,"Indian Army conducts surgical strikes on ULFA-I and NSCN-K camps in Myanmar using over a hundred UAVs, ULFA-I says thee senior leaders killed",https://www.opindia.com/2025/07/indian-army-conducts-surgical-strikes-on-ulfa-i-and-nscn-k-camps-in-myanmar-using-over-100-uavs/,Indian Army conducted major surgical strikes on ULFA-I (United Liberation Front of Asom- Independent) and NSCN-K) National Socialist Council of Nagaland-Khaplang bases inside Myanmar territory on early hours of Sunday
OpIndia,13/07/25,"Axiom Mission 4 piloted by Group Captain Shubhanshu Shukla to undock from International Space Station on 14th July, splashdown in Pacific the next day",https://www.opindia.com/2025/07/axiom-mission-4-piloted-by-shubhanshu-shukla-to-undock-from-iss-on-14th-july-splashdown-on-15th/,"IAF Group Captain Shubhanshu Shukla, the first Indian astronaut to visit the International Space Station (ISS), is set to return to Earth tomorrow, July 14, along with his crew from Axiom Mission 4 (Ax-4)."
OpIndia,13/07/25,"Who is Sadanandan Master, the newly nominated Rajya Sabha MP whose legs were chopped off by CPIM goons",https://www.opindia.com/2025/07/who-is-sadanandan-master-the-newly-nominated-rajya-sabha-mp-whose-legs-were-chopped-off-by-cpim-goons/,"On the night of 25th January, 1994, Sadanandan Master was ambushed by CPI(M) goons near his home village of Perinchery. They chopped off both his legs and left him bleeding on the roadside as a warning to those switching political sides."
OpIndia,12/07/25,Cuttoff at takeoff: Did a Boeing system malfunction doom Air India flight AI171? Read the critical role of engine fuel switches and what the...,https://www.opindia.com/2025/07/air-india-plane-crash-report-what-are-aircraft-fuel-switches-how-they-operate/,"The U.S. Federal Aviation Administration (FAA) has issued warnings in the past about certain Boeing models being vulnerable to what is known as “fuel lock” or inadvertent fuel cut-off issues, caused not by human error, but by faults in the machine."
OpIndia,12/07/25,"Balrampur horror: Chhangur Baba offered Hindu man Rs 5 lakhs, house, and bike to convert to Islam, then threatened him with death framed him...",https://www.opindia.com/2025/07/balrampur-horror-chhangur-baba-offered-hindu-man-rs-5-lakhs-house-bike-to-convert-to-islam-then-threatened-him-with-death-framed-him-for-rape-when-he-refused/,Victim Sanchit and his wife were implicated in false criminal cases after they refused to convert to Islam.
OpIndia,12/07/25,"Bhopal: Faizan Baig stabs Shyam More to death for asking why he was with a Hindu girl, two others injured in the attack, police...",https://www.opindia.com/2025/07/bhopal-faizan-baig-stabs-shyam-more-to-death-for-asking-why-he-was-with-a-hindu-girl/,A Hindu man was killed while two others were seriously injured in Barkheda Pathani area in Bhopal after they were attacked with a knife by one Faizan Baig
OpIndia,12/07/25,"West Bengal: Madhu Molla shares derogatory image of child urinating on Lord Shiva, police issue warning against sharing image but omit name of the...",https://www.opindia.com/2025/07/madhu-molla-derogatory-image-lord-shiva-mandirbazar-south-24-parganas-west-bengal-police-statement-details/,"Molla, who runs the Facebook page 'Pagalir Pagal' (পাগলীর পাগল), posted an image wherein a child was seen urinating on Lord Shiva. The caption of the image read, 'Mahadev ki maa ki (swear words directed at the Hindu God's mother).'"
OpIndia,12/07/25,Orissa High Court grants bail to key accused in DRDO Chandipur espionage case after nearly 4 years in jail,https://www.opindia.com/2025/07/orissa-high-court-grants-bail-to-key-accused-in-drdo-chandipur-espionage-case/,"The Orissa High Court has granted bail to Basanta Kumar Behera, a key accused in the DRDO Chandipur espionage case."
OpIndia,12/07/25,"Uttar Pradesh: Muslim mob brutally assaults Hindu boy, victim says he was attacked for being a Gau rakshak, police arrest 3 accused",https://www.opindia.com/2025/07/muslim-mob-attacks-hindu-boy-nitu-singh-for-doing-gauraksha-khoda-colony-ghaziabad-uttar-pradesh-details/,"A viral video shows Nitu Ram, being brutally slapped, punched and kicked by a mob of Muslim men."
OpIndia,11/07/25,"Aam Aadmi Party tries to instigate people against action on illegal encroachments, asks Delhi youths to head to Faridabad on 13 July to attend...",https://www.opindia.com/2025/07/aam-aadmi-party-tries-to-instigate-people-against-action-on-illegal-encroachments/,"Subsequently, over 5,000 notices warning of demolition were served to property owners across Faridabad as part of the intensified crackdown on illegal structures"
OpIndia,11/07/25,"Ajit Doval challenges anyone to show a single proof of damage to Indian assets during Operation Sindoor, calls out Pakistani propaganda",https://www.opindia.com/2025/07/ajit-doval-open-challenge-to-show-proof-of-damage-to-indian-assets-debunks-pakistani-propaganda/,Ajit Doval revealed that Operation Sindoor hit precisely nine targets deep inside Pakistan. This included terror hubs in Bahawalpur (JeM) and Muridke (LeT). The entire operation took just 23 minutes. India achieved its objectives with zero collateral damage.
OpIndia,11/07/25,"Jaisalmer: Violent Muslim mob including women and kids launches attack on Hindu villagers to stop re-construction of historic cenotaphs, cops injured in stone pelting",https://www.opindia.com/2025/07/jaisalmer-muslim-mob-attacs-hindu-villagers-to-stop-re-construction-of-historic-cenotaphs/,"On 10th July, members of the Muslim community pelted stones at police personnel and Hindus constructing cenotaphs (chhatris) in Basanpir hamlet of Jaisalmer"
OpIndia,11/07/25,"Madhya Pradesh: Altaf Multani raped a married woman after trapping her with a job offer, forced her to convert to Islam and marry him",https://www.opindia.com/2025/07/madhya-pradesh-altaf-multani-raped-a-married-woman-after-trapping-her-with-a-job-offer-forced-her-to-convert-to-islam-and-marry-him/,"The victim said that she had filed a complaint regarding the same earlier, but the accused pressured her and got a settlement done."
OpIndia,11/07/25,"Around 51 lakh voters to be removed from Bihar voter list as ECI finds major discrepancies in SIR exercise due to duplicate entries, death...",https://www.opindia.com/2025/07/around-51-lakh-voters-to-be-removed-from-bihar-voter-list-as-eci-finds-major-discrepancies/,
OpIndia,11/07/25,"1.29 lakh bigha land occupied by Bangladeshi infiltrators and doubtful citizens freed in 4 years, informs Assam CM Himanta Biswa Sarma",https://www.opindia.com/2025/07/1-29-lakh-bigha-land-occupied-by-bangladeshi-infiltrators-and-doubtful-citizens-freed-in-4-years-informs-assam-cm-himanta-biswa-sarma/,
OpIndia,11/07/25,"VP Jagdeep Dhankhar calls it quits: Read how he kept questioning the judiciary, seeking accountability and objecting to their overreach",https://www.opindia.com/2025/07/vp-jagdeep-dhankhar-calls-it-quits-read-how-he-kept-questioning-the-judiciary-seeking-accountability-and-objecting-to-their-overreach/,
OpIndia,11/07/25,"VP Jagdeep Dhankhar calls it quits: Read how he kept questioning the judiciary, seeking accountability and objecting to their overreach",https://www.opindia.com/2025/07/vp-jagdeep-dhankhar-calls-it-quits-read-how-he-kept-questioning-the-judiciary-seeking-accountability-and-objecting-to-their-overreach/,
OpIndia,11/07/25,"First Balasore self-immolation, now Greater Noida suicide: Why do we need such tragedies to wake us up to the problem of harassment of students",https://www.opindia.com/2025/07/first-balasore-self-immolation-now-greater-noida-suicide-the-problem-of-harassment-of-students/,
OpIndia,11/07/25,"Truck still stuck on collapsed Gambhira bridge in Gujarat: As media blames officials, Anand district collector shares the real reason with OpIndia",https://www.opindia.com/2025/07/truck-still-stuck-collapsed-gambhira-bridge-gujarat-as-media-blames-officials-know-what-happened/,
OpIndia,11/07/25,Fake claim: PIB calls out false media reports that union health ministry is set to issue health warning for samosa and jalebi like they...,https://www.opindia.com/2025/07/pib-fake-news-samosa-jalebi-health-warning-cigarettes-media-news/,
OpIndia,11/07/25,"The Print spreads fake news claiming Centre is conducting study to assess sudden deaths of young Indians after COVID-19, gets fact-checked by PIB",https://www.opindia.com/2025/07/the-print-spreads-fake-news-claiming-centre-is-conducting-study-to-assess-sudden-deaths-after-covid-19/,
OpIndia,11/07/25,"While left liberals have a problem with Akbar being called a brutal conqueror in NCERT books, read how the Mughal King massacred 30000 Hindus...",https://www.opindia.com/2025/07/left-liberals-have-a-problem-with-mughal-king-akbar-being-called-a-brutal-conqueror-who-massacred-30000-hindus/,
OpIndia,11/07/25,"Karnataka: Researchers find evidence of a 4,000-year-old human settlement in Maski, 110 years after Ashoka inscription was discovered at the site",https://www.opindia.com/2025/07/karnataka-4000-year-old-human-settlement-discovered-in-maski-site-of-ashoka-inscription/,
OpIndia,11/07/25,"Indian Ambassador to Ireland slams biased media coverage after an Indian man faces a racist attack: How online hate fuels racism against Indians, especially...",https://www.opindia.com/2025/07/indian-ambassador-to-ireland-slams-biased-media-coverage-indian-man-assaulted-online-hate-fuels-racism-against-hindus/,
OpIndia,11/07/25,Syrian govt led by former ISIS terrorist Ahmed al-Sharaa unleashes brutal crackdown on Druze community: All you need to know about the Sweida violence,https://www.opindia.com/2025/07/syrian-govt-led-by-former-isis-terrorist-ahmed-al-sharaa-unleashes-brutal-crackdown-on-druze-community-all-you-need-to-know-about-the-sweida-violence/,
OpIndia,11/07/25,Keeladi excavation and controversy over the ASI report by Amarnath Ramakrishna: Why is the TN govt at loggerheads with ASI and Centre over it,https://www.opindia.com/2025/07/keeladi-excavation-controversy-over-the-asi-report-by-amarnath-ramakrishna-why-is-the-tn-govt-at-loggerheads-with-asi-and-centre-over-it/,
OpIndia,11/07/25,"Around 51 lakh voters to be removed from Bihar voter list as ECI finds major discrepancies in SIR exercise due to duplicate entries, death...",https://www.opindia.com/2025/07/around-51-lakh-voters-to-be-removed-from-bihar-voter-list-as-eci-finds-major-discrepancies/,
OpIndia,11/07/25,"1.29 lakh bigha land occupied by Bangladeshi infiltrators and doubtful citizens freed in 4 years, informs Assam CM Himanta Biswa Sarma",https://www.opindia.com/2025/07/1-29-lakh-bigha-land-occupied-by-bangladeshi-infiltrators-and-doubtful-citizens-freed-in-4-years-informs-assam-cm-himanta-biswa-sarma/,
OpIndia,11/07/25,"VP Jagdeep Dhankhar calls it quits: Read how he kept questioning the judiciary, seeking accountability and objecting to their overreach",https://www.opindia.com/2025/07/vp-jagdeep-dhankhar-calls-it-quits-read-how-he-kept-questioning-the-judiciary-seeking-accountability-and-objecting-to-their-overreach/,
OpIndia,11/07/25,"VP Jagdeep Dhankhar calls it quits: Read how he kept questioning the judiciary, seeking accountability and objecting to their overreach",https://www.opindia.com/2025/07/vp-jagdeep-dhankhar-calls-it-quits-read-how-he-kept-questioning-the-judiciary-seeking-accountability-and-objecting-to-their-overreach/,
OpIndia,11/07/25,"First Balasore self-immolation, now Greater Noida suicide: Why do we need such tragedies to wake us up to the problem of harassment of students",https://www.opindia.com/2025/07/first-balasore-self-immolation-now-greater-noida-suicide-the-problem-of-harassment-of-students/,
OpIndia,11/07/25,"Truck still stuck on collapsed Gambhira bridge in Gujarat: As media blames officials, Anand district collector shares the real reason with OpIndia",https://www.opindia.com/2025/07/truck-still-stuck-collapsed-gambhira-bridge-gujarat-as-media-blames-officials-know-what-happened/,
OpIndia,11/07/25,Fake claim: PIB calls out false media reports that union health ministry is set to issue health warning for samosa and jalebi like they...,https://www.opindia.com/2025/07/pib-fake-news-samosa-jalebi-health-warning-cigarettes-media-news/,
OpIndia,11/07/25,"The Print spreads fake news claiming Centre is conducting study to assess sudden deaths of young Indians after COVID-19, gets fact-checked by PIB",https://www.opindia.com/2025/07/the-print-spreads-fake-news-claiming-centre-is-conducting-study-to-assess-sudden-deaths-after-covid-19/,
OpIndia,11/07/25,"While left liberals have a problem with Akbar being called a brutal conqueror in NCERT books, read how the Mughal King massacred 30000 Hindus...",https://www.opindia.com/2025/07/left-liberals-have-a-problem-with-mughal-king-akbar-being-called-a-brutal-conqueror-who-massacred-30000-hindus/,
OpIndia,11/07/25,"Karnataka: Researchers find evidence of a 4,000-year-old human settlement in Maski, 110 years after Ashoka inscription was discovered at the site",https://www.opindia.com/2025/07/karnataka-4000-year-old-human-settlement-discovered-in-maski-site-of-ashoka-inscription/,
OpIndia,11/07/25,"Indian Ambassador to Ireland slams biased media coverage after an Indian man faces a racist attack: How online hate fuels racism against Indians, especially...",https://www.opindia.com/2025/07/indian-ambassador-to-ireland-slams-biased-media-coverage-indian-man-assaulted-online-hate-fuels-racism-against-hindus/,
OpIndia,11/07/25,Syrian govt led by former ISIS terrorist Ahmed al-Sharaa unleashes brutal crackdown on Druze community: All you need to know about the Sweida violence,https://www.opindia.com/2025/07/syrian-govt-led-by-former-isis-terrorist-ahmed-al-sharaa-unleashes-brutal-crackdown-on-druze-community-all-you-need-to-know-about-the-sweida-violence/,
OpIndia,11/07/25,Keeladi excavation and controversy over the ASI report by Amarnath Ramakrishna: Why is the TN govt at loggerheads with ASI and Centre over it,https://www.opindia.com/2025/07/keeladi-excavation-controversy-over-the-asi-report-by-amarnath-ramakrishna-why-is-the-tn-govt-at-loggerheads-with-asi-and-centre-over-it/,
OpIndia,11/07/25,"Economist, who warned that there would be no Hindus left in Bangladesh if their exodus continued, arrested by Yunus regime: Details",https://www.opindia.com/2025/07/economist-abul-barkat-arrested-by-muhammad-yunus-regime-bangladesh-had-warned-about-exodus-of-hindus-details/,"In 2016, Abul Barkat warned that if the rate of exodus of the minority Hindu community continued, then there would not be any Hindus left after 30 years, i.e. 2046."
OpIndia,11/07/25,Maharashtra government introduces bill to curb the spread of Left Wing extremism: All you need to know about the Maharashtra Public Security Bill 2024,https://www.opindia.com/2025/07/maharashtra-government-introduces-bill-to-curb-the-spread-of-left-wing-extremism/,"CM Fadnavis highlighted that around 64 left-wing organisations are currently active in Maharashtra, which is the highest number across all states."
OpIndia,11/07/25,"West Bengal: Cops vandalise over 30 trucks in New Alipore for refusing to pay bribe, 4 sub-inspectors suspended after protests",https://www.opindia.com/2025/07/4-sub-inspectors-suspended-for-vandalising-over-30-trucks-in-west-bengal/,"Around 12:30 AM, the police arrived and began vandalising the trucks under the pretext of ‘illegal parking’"
OpIndia,11/07/25,"Priya Nair becomes the first female MD & CEO of Hindustan Unilever, read about her journey to the top",https://www.opindia.com/2025/07/priya-nair-becomes-the-first-female-md-ceo-of-hindustan-unilever/,Priya Nair has been appointed as the new Managing Director and Chief Executive Officer of  Hindustan Unilever Limited from 1st August 2025.
OpIndia,10/07/25,"Aadhaar is not a proof of citizenship, EC tells the Supreme Court during hearing of petitions challenging electoral roll revision in Bihar",https://www.opindia.com/2025/07/aadhaar-is-not-a-proof-of-citizenship-ec-tells-the-supreme-court-during-hearing-of-bihar-sir/,"The Supreme Court allowed the ECI to continue the SIR in Bihar, but asked to consider Aadhaar, voter ID cards, and ration cards as valid documents during the verification drive."
OpIndia,10/07/25,What is LORA and why is India interested in it despite already having BrahMos?,https://www.opindia.com/2025/07/what-is-lora-and-why-is-india-interested-in-it-despite-already-having-brahmos/,"The Indian Air Force is considering acquiring Israel’s air-launched LORA missile, known for its 430-km range and radar-evading high-trajectory attacks. The move aims to complement BrahMos and strengthen India’s airstrike capabilities while boosting domestic defence production under 'Make in India'."
OpIndia,10/07/25,"Rabies in India: A preventable virus with 100% fatal disease after symptoms, still spreading through stray dog bites, poor awareness, and blocked action",https://www.opindia.com/2025/07/rabies-in-india-curable-virus-with-100-fatality-still-spreads-through-stray-bites-poor-awareness-and-legal-hurdles/,"Rabies remains a deadly threat in India, with children and the poor most affected. Despite available vaccines, gaps in public health, misused laws and growing dog populations make the disease a national emergency."
OpIndia,10/07/25,Who will amend the voter list if not us: Election Commission asks in Supreme Court during hearing on Bihar electoral roll revision,https://www.opindia.com/2025/07/who-will-amend-the-voter-list-if-not-us-election-commission-asks-in-supreme-court/,The Supreme Court on Friday questioned the timing of the Election Commission's special revision of the Bihar voter list ahead of elections. It asked why the process wasn’t done earlier and whether voter ID and Aadhaar are being wrongly rejected.
OpIndia,10/07/25,Hisar: School Principal stabbed to death by two minor students for asking them to cut hair,https://www.opindia.com/2025/07/hisar-school-principal-stabbed-to-death-by-two-minor-students/,"Peeved at being pulled up for not cutting their hair and maintaining discipline, two minors in a village in Haryana's Hisar allegedly stabbed to death their school principal"
OpIndia,10/07/25,"Kishanganj used to get 25 thousand applications in 1 month, now 1.27 lakh came in just a week: Is RJD-Congress opposing the voter list...",https://www.opindia.com/2025/07/is-rjd-congress-opposing-the-voter-list-revision-in-bihar-to-save-the-infiltrators/,"Bihar Deputy Chief Minister Samrat Chaudhary has said that on average, 26 thousand to 28 thousand applications were coming to Kishanganj for a residence certificate every month from January to May in 2025. He said that as soon as the process of the Election Commission started, this number increased rapidly."
OpIndia,10/07/25,"UP horror: Shahzad Ansari sexually assaults a Dalit minor in Sonbhadra after holding her captive, hurls casteist slurs and deaths threats when confronted by...",https://www.opindia.com/2025/07/up-horror-shahzad-ansari-sexually-assaults-a-dalit-minor-in-sonbhadra-hurls-casteist-slurs-and-deaths-threats-when-confronted-by-parents/,"A 15-year-old Hindu Dalit girl was allegedly lured by a Muslim man on the false promise of marriage, brutally raped, and then held captive in his home for days."
OpIndia,10/07/25,Assam: Shahabuddin Ali arrested for vandalising 5 idols of Hindu deities in Durga temple complex in Goalpara,https://www.opindia.com/2025/07/assam-shahabuddin-ali-arrested-for-vandalising-5-idols-of-hindu-deities/,"Reports say that along with vandalising the idols of Hindu deities installed inside the temple, the Muslim culprits also damaged the temple's donation box."
OpIndia,10/07/25,"Saharanpur: Muslim mob attacks Dalits during wedding procession, injures several over DJ music dispute near mosque",https://www.opindia.com/2025/07/saharanpur-muslim-mob-attacks-dalits-wedding-procession-dj-music-dispute-near-mosque/,"Violence broke out during a Dalit wedding procession in Saharanpur’s Amarpur Garhi village after a group from the Muslim community allegedly attacked baratis for playing DJ music near a mosque. Several were injured, and five accused have been arrested."
OpIndia,09/07/25,Chipmaker Nvidia becomes the first $4 Trillion publicly traded company powered by its booming AI business,https://www.opindia.com/2025/07/chipmaker-nvidia-becomes-the-first-4-trillion-publicly-traded-company/,"Nvidia Corporation made history today, becoming the first publicly traded company to surpass a $4 trillion market capitalization"
OpIndia,09/07/25,"Pappu Yadav and Kanhaiya Kumar humiliated at opposition rally in Bihar, not allowed on protest vehicle with Rahul Gandhi and Tejashwi Yadav, pushed back",https://www.opindia.com/2025/07/pappu-yadav-and-kanhaiya-kumar-humiliated-at-opposition-rally-in-bihar-not-allowed-on-protest-vehicle/,"Congress leader Kanhaiya Kumar and independent MP Pappu Yadav were prevented from sharing stage with Rahul Gandhi, Tejashwi Yadav and other opposition politicians in BIhar, leading to a major embarrassment"
OpIndia,09/07/25,"Indian Railways to launch 1,000 new trains in five years, bullet train by 2027, 30000 wagons and 1500 locomotives being made in India every...",https://www.opindia.com/2025/07/indian-railways-to-launch-1000-new-trains-in-5-years-bullet-train-by-2027-ashwini-vaishnaw/,"The Indian Railways will introduce 1,000 new trains in five years and aims to launch the bullet train by 2027. With massive investments, improved safety, and a push for exports, the Railways is undergoing a major transformation, says Minister Ashwini Vaishnaw."
OpIndia,09/07/25,"The Print spreads fake news claiming Centre is conducting study to assess sudden deaths of young Indians after COVID-19, gets fact-checked by PIB",https://www.opindia.com/2025/07/the-print-spreads-fake-news-claiming-centre-is-conducting-study-to-assess-sudden-deaths-after-covid-19/,The Print falsely claimed that the study will examine the rise in deaths among people under 45 years of age and its connection with COVID-19 vaccine.
OpIndia,09/07/25,"Kerala High Court judge says parents should raise children without any religion or caste, claims it is the only hope for the future",https://www.opindia.com/2025/07/kerala-high-court-judge-says-parents-should-raise-children-without-any-religion-or-caste/,Justice Arun’s comments underline the significance of promoting secular values from an early age
OpIndia,09/07/25,"Cops stabbed, Hindus lynched, houses and shops torched: Over 25 ghastly instances of Muharram violence reported in the past decade across India",https://www.opindia.com/2025/07/cops-stabbed-hindus-lynched-shops-torched-25-ghastly-instances-of-muharram-violence/,"The violence of the Muslim mobs during Muharram has spared no one, affecting Hindus, their families and even policemen."
OpIndia,09/07/25,Bihar Bandh cripples ECI operations: How the opposition is undermining a legal electoral exercise to stoke unrest,https://www.opindia.com/2025/07/bihar-bandh-cripples-eci-operations-how-the-opposition-is-undermining-a-legal-electoral-exercise-to-stoke-unrest/,Opposition arguing it could result in the exclusion of genuine voters through potential misuse of state machinery
OpIndia,09/07/25,"FATF raises alarm on terrorists using e-commerce sites and online payment facilities, cites procurement of explosive material for Pulwama attack from Amazon",https://www.opindia.com/2025/07/fatf-raises-alarm-on-terrorists-using-e-commerce-sites-and-online-payment-facilities-cites-procurement-of-explosive-material-for-pulwama-attack-from-amazon/,"FATF has warned that terrorists are misusing online platforms like Amazon and PayPal for funding attacks. In a new report, it cited India’s Pulwama attack and the Gorakhnath Temple incident as examples of how digital tools are being exploited globally."
OpIndia,09/07/25,"How a 30-kg, AI-powered, X-Guard system fooled Pakistani army into thinking they were hitting a Rafale",https://www.opindia.com/2025/07/how-a-30-kg-ai-powered-x-guard-system-fooled-pakistani-army-into-thinking-they-were-hitting-a-rafale/,It's also possible that the X-Guard tricked Pakistan's J-10C fighters' KLJ-7A AESA radar into believing they had locked onto and struck Rafale jets.